,date,equity_curve,benchmark,year
23,1994-01-07,12581.14566040039,28.120866775512695,1994
24,1994-01-14,12581.14566040039,28.345081329345703,1994
25,1994-01-21,12581.14566040039,28.326385498046875,1994
26,1994-01-28,12581.14566040039,28.625364303588867,1994
27,1994-02-04,12581.14566040039,28.083484649658203,1994
28,1994-02-11,12581.14566040039,28.195587158203125,1994
29,1994-02-18,12506.138874053957,28.02743911743164,1994
30,1994-02-25,12489.477504730225,27.990060806274414,1994
31,1994-03-04,12456.14370727539,27.915325164794922,1994
32,1994-03-11,12497.802234649658,28.008756637573242,1994
33,1994-03-18,12603.401084899902,28.2454891204834,1994
34,1994-03-25,12603.401084899902,27.62533187866211,1994
35,1994-04-01,12603.401084899902,26.817232131958008,1994
36,1994-04-08,12603.401084899902,26.873620986938477,1994
37,1994-04-15,12603.401084899902,26.817232131958008,1994
38,1994-04-22,12603.401084899902,26.976985931396484,1994
39,1994-04-29,12669.22972869873,27.117919921875,1994
40,1994-05-06,12572.691324234009,26.91120719909668,1994
41,1994-05-13,12506.871587753296,26.770261764526367,1994
42,1994-05-20,12506.871587753296,27.39980697631836,1994
43,1994-05-27,12506.871587753296,27.587751388549805,1994
44,1994-06-03,12506.871587753296,27.80385971069336,1994
45,1994-06-10,12506.871587753296,27.728694915771484,1994
46,1994-06-17,12506.871587753296,27.7701416015625,1994
47,1994-06-24,12506.871587753296,26.672941207885742,1994
48,1994-07-01,12506.871587753296,26.97562599182129,1994
49,1994-07-08,12603.212762832642,27.1837158203125,1994
50,1994-07-15,12738.968564987184,27.476926803588867,1994
51,1994-07-22,12725.840364456177,27.44855308532715,1994
52,1994-07-29,12883.478561401367,27.78905487060547,1994
53,1994-08-05,12848.455602645874,27.713380813598633,1994
54,1994-08-12,12848.455602645874,28.044429779052734,1994
55,1994-08-19,12848.455602645874,28.1011905670166,1994
56,1994-08-26,12848.455602645874,28.867321014404297,1994
57,1994-09-02,12848.455602645874,28.630859375,1994
58,1994-09-09,12848.455602645874,28.451156616210938,1994
59,1994-09-16,12848.455602645874,28.633705139160156,1994
60,1994-09-23,12848.455602645874,27.95807647705078,1994
61,1994-09-30,12848.455602645874,28.119861602783203,1994
62,1994-10-07,12848.455602645874,27.682096481323242,1994
63,1994-10-14,13298.824682235718,28.652748107910156,1994
64,1994-10-21,13298.824682235718,28.357742309570312,1994
65,1994-10-28,13298.824682235718,29.02387237548828,1994
66,1994-11-04,13298.824682235718,28.214994430541992,1994
67,1994-11-11,13298.824682235718,28.26258087158203,1994
68,1994-11-18,13298.824682235718,28.300642013549805,1994
69,1994-11-25,13298.824682235718,27.691621780395508,1994
70,1994-12-02,13298.824682235718,27.74871826171875,1994
71,1994-12-09,13148.404458999634,27.434690475463867,1994
72,1994-12-16,13459.937000274658,28.08507537841797,1994
73,1994-12-23,13551.823417663574,28.276899337768555,1994
74,1994-12-30,13404.800033569336,27.96996307373047,1994
75,1995-01-06,13404.800033569336,28.267303466796875,1995
76,1995-01-13,13404.800033569336,28.689350128173828,1995
77,1995-01-20,13404.800033569336,28.574249267578125,1995
78,1995-01-27,13404.800033569336,28.919570922851562,1995
79,1995-02-03,13404.800033569336,29.485464096069336,1995
80,1995-02-10,13404.800033569336,29.686904907226562,1995
81,1995-02-17,13404.800033569336,29.744474411010742,1995
82,1995-02-24,13404.800033569336,30.080177307128906,1995
83,1995-03-03,13404.800033569336,29.945892333984375,1995
84,1995-03-10,13404.800033569336,30.243234634399414,1995
85,1995-03-17,13404.800033569336,30.590158462524414,1995
86,1995-03-24,13404.800033569336,30.99521255493164,1995
87,1995-03-31,13404.800033569336,30.927696228027344,1995
88,1995-04-07,13404.800033569336,31.294170379638672,1995
89,1995-04-14,13404.800033569336,31.525630950927734,1995
90,1995-04-21,13404.800033569336,31.409896850585938,1995
91,1995-04-28,13404.800033569336,31.843870162963867,1995
92,1995-05-05,14020.483016967772,32.210330963134766,1995
93,1995-05-12,14603.757247924805,32.5575065612793,1995
94,1995-05-19,14603.757247924805,32.15247344970703,1995
95,1995-05-26,14603.757247924805,32.44176483154297,1995
96,1995-06-02,14603.757247924805,33.04935073852539,1995
97,1995-06-09,14603.757247924805,32.75039291381836,1995
98,1995-06-16,14939.719142913818,33.505332946777344,1995
99,1995-06-23,14939.719142913818,34.15528106689453,1995
100,1995-06-30,14939.719142913818,33.77696228027344,1995
101,1995-07-07,14939.719142913818,34.62089157104492,1995
102,1995-07-14,14939.719142913818,34.79550552368164,1995
103,1995-07-21,14939.719142913818,34.397769927978516,1995
104,1995-07-28,14939.719142913818,34.950721740722656,1995
105,1995-08-04,14608.3602104187,34.756717681884766,1995
106,1995-08-11,14260.39326095581,34.553001403808594,1995
107,1995-08-18,14807.148204803469,34.87311553955078,1995
108,1995-08-25,14939.719142913818,34.950721740722656,1995
109,1995-09-01,15320.791362762451,35.1738166809082,1995
110,1995-09-08,16265.167903900146,35.72673034667969,1995
111,1995-09-15,17540.303951263428,36.47332000732422,1995
112,1995-09-22,17540.303951263428,36.39531326293945,1995
113,1995-09-29,17540.303951263428,36.5025634765625,1995
114,1995-10-06,17540.303951263428,36.45381546020508,1995
115,1995-10-13,17540.303951263428,36.59035873413086,1995
116,1995-10-20,17540.303951263428,36.71710968017578,1995
117,1995-10-27,17540.303951263428,36.31726837158203,1995
118,1995-11-03,17540.303951263428,36.970672607421875,1995
119,1995-11-10,17628.122982025146,37.15596389770508,1995
120,1995-11-17,17822.27486038208,37.5655517578125,1995
121,1995-11-24,17863.873538970947,37.65333557128906,1995
122,1995-12-01,17863.873538970947,38.06292724609375,1995
123,1995-12-08,17863.873538970947,38.794334411621094,1995
124,1995-12-15,17863.873538970947,38.81831359863281,1995
125,1995-12-22,17863.873538970947,38.435630798339844,1995
126,1995-12-29,17863.873538970947,38.61224365234375,1995
127,1996-01-05,17863.873538970947,38.68093490600586,1996
128,1996-01-12,17863.873538970947,37.827232360839844,1996
129,1996-01-19,17863.873538970947,38.474857330322266,1996
130,1996-01-26,18146.15979385376,39.0832405090332,1996
131,1996-02-02,18555.93524551392,39.96635437011719,1996
132,1996-02-09,19193.351139068604,41.34014129638672,1996
133,1996-02-16,18933.83087539673,40.78080749511719,1996
134,1996-02-23,18933.83087539673,41.408809661865234,1996
135,1996-03-01,18933.83087539673,40.75137710571289,1996
136,1996-03-08,18933.83087539673,39.87806701660156,1996
137,1996-03-15,18933.83087539673,40.449424743652344,1996
138,1996-03-22,19238.26903152466,41.09993362426758,1996
139,1996-03-29,19099.89032363892,40.80424499511719,1996
140,1996-04-05,19344.35919570923,41.32664108276367,1996
141,1996-04-12,18813.904804229736,40.19314956665039,1996
142,1996-04-19,19053.767658233643,40.7056770324707,1996
143,1996-04-26,19321.29518508911,41.27732849121094,1996
144,1996-05-03,19321.29518508911,40.56768798828125,1996
145,1996-05-10,19321.29518508911,41.23790740966797,1996
146,1996-05-17,19321.29518508911,42.38121032714844,1996
147,1996-05-24,19321.29518508911,43.00215530395508,1996
148,1996-05-31,19321.29518508911,42.18408203125,1996
149,1996-06-07,19321.29518508911,42.65718078613281,1996
150,1996-06-14,19321.29518508911,42.22350311279297,1996
151,1996-06-21,19321.29518508911,42.36796188354492,1996
152,1996-06-28,19407.14482498169,42.556236267089844,1996
153,1996-07-05,18964.36503982544,41.585235595703125,1996
154,1996-07-12,18670.683185577396,40.94117736816406,1996
155,1996-07-19,18498.987384796143,40.564674377441406,1996
156,1996-07-26,18426.704120635983,40.406131744384766,1996
157,1996-08-02,19249.018878936768,42.209449768066406,1996
158,1996-08-09,19149.611560821533,41.991455078125,1996
159,1996-08-16,19149.611560821533,42.38780212402344,1996
160,1996-08-23,19149.611560821533,42.397701263427734,1996
161,1996-08-30,19149.611560821533,41.42668533325195,1996
162,1996-09-06,19149.611560821533,41.8131217956543,1996
163,1996-09-13,19910.330444335938,43.477718353271484,1996
164,1996-09-20,20035.34716796875,43.75126266479492,1996
165,1996-09-27,20048.99559402466,43.78114318847656,1996
166,1996-10-04,20531.44453048706,44.83681869506836,1996
167,1996-10-11,20531.44453048706,44.81692123413086,1996
168,1996-10-18,20531.44453048706,45.394527435302734,1996
169,1996-10-25,20531.44453048706,44.81692123413086,1996
170,1996-11-01,20531.44453048706,44.996185302734375,1996
171,1996-11-08,23819.40937423706,46.79879379272461,1996
172,1996-11-15,23819.40937423706,47.18723678588867,1996
173,1996-11-22,23819.40937423706,47.91426467895508,1996
174,1996-11-29,23819.40937423706,48.45204544067383,1996
175,1996-12-06,23819.40937423706,47.36647415161133,1996
176,1996-12-13,23819.40937423706,46.72909164428711,1996
177,1996-12-20,23819.40937423706,47.93954086303711,1996
178,1996-12-27,25130.01459884644,48.60009002685547,1996
179,1997-01-03,24137.197216033936,48.09967041015625,1997
180,1997-01-10,25447.71162033081,48.76020431518555,1997
181,1997-01-17,27274.47138595581,49.68098449707031,1997
182,1997-01-24,27274.47138595581,49.16053009033203,1997
183,1997-01-31,27274.47138595581,50.22141647338867,1997
184,1997-02-07,27274.47138595581,50.741859436035156,1997
185,1997-02-14,27274.47138595581,52.00288391113281,1997
186,1997-02-21,27274.47138595581,51.48246383666992,1997
187,1997-02-28,27274.47138595581,50.70183181762695,1997
188,1997-03-07,27274.47138595581,51.78269958496094,1997
189,1997-03-14,27274.47138595581,51.04209899902344,1997
190,1997-03-21,26949.661991119385,50.433868408203125,1997
191,1997-03-28,26456.10962295532,49.50955581665039,1997
192,1997-04-04,26059.10927200317,48.76611328125,1997
193,1997-04-11,25211.45475387573,47.17875671386719,1997
194,1997-04-18,26305.895641326904,49.22825622558594,1997
195,1997-04-25,26295.164470672607,49.20816421508789,1997
196,1997-05-02,27979.73622512817,52.362789154052734,1997
197,1997-05-09,28387.482006073,53.12632369995117,1997
198,1997-05-16,28591.32535934448,53.508113861083984,1997
199,1997-05-23,29127.81463241577,54.51276779174805,1997
200,1997-05-30,29256.586643218998,54.75389862060547,1997
201,1997-06-06,29675.03507614136,55.53750228881836,1997
202,1997-06-13,30823.125705718998,57.6874885559082,1997
203,1997-06-20,30823.125705718998,57.82135772705078,1997
204,1997-06-27,30823.125705718998,57.38764953613281,1997
205,1997-07-04,35199.29550552368,59.42495346069336,1997
206,1997-07-11,35199.29550552368,59.2434196472168,1997
207,1997-07-18,35199.29550552368,58.930747985839844,1997
208,1997-07-25,35199.29550552368,60.695735931396484,1997
209,1997-08-01,36554.09154129028,61.28071594238281,1997
210,1997-08-08,36554.09154129028,60.27219009399414,1997
211,1997-08-15,36554.09154129028,57.95244598388672,1997
212,1997-08-22,36554.09154129028,59.74766540527344,1997
213,1997-08-29,36554.09154129028,58.335689544677734,1997
214,1997-09-05,36554.09154129028,60.120872497558594,1997
215,1997-09-12,36363.98253250122,59.80823516845703,1997
216,1997-09-19,37432.885608673096,61.56624221801758,1997
217,1997-09-26,37432.885608673096,61.20182800292969,1997
218,1997-10-03,37432.885608673096,62.60887908935547,1997
219,1997-10-10,37432.885608673096,62.7607421875,1997
220,1997-10-17,37432.885608673096,61.080360412597656,1997
221,1997-10-24,37321.35034561157,60.898162841796875,1997
222,1997-10-31,37321.35034561157,59.6429328918457,1997
223,1997-11-07,37321.35034561157,60.209815979003906,1997
224,1997-11-14,37321.35034561157,60.29079055786133,1997
225,1997-11-21,38800.10824966431,62.67976379394531,1997
226,1997-11-28,38348.930393218994,61.95090866088867,1997
227,1997-12-05,39677.34683990479,64.09693145751953,1997
228,1997-12-12,39677.34683990479,62.03190994262695,1997
229,1997-12-19,39677.34683990479,61.648658752441406,1997
230,1997-12-26,39677.34683990479,60.998207092285156,1997
231,1998-01-02,39677.34683990479,63.4576530456543,1998
232,1998-01-09,39677.34683990479,60.042884826660156,1998
233,1998-01-16,41394.48131561279,62.644596099853516,1998
234,1998-01-23,41233.51970672608,62.400718688964844,1998
235,1998-01-30,41233.51970672608,63.94546127319336,1998
236,1998-02-06,41233.51970672608,66.0999984741211,1998
237,1998-02-13,41233.51970672608,66.34394836425781,1998
238,1998-02-20,41233.51970672608,67.42121124267578,1998
239,1998-02-27,41233.51970672608,68.37654113769531,1998
240,1998-03-06,41233.51970672608,68.90499114990234,1998
241,1998-03-13,41233.51970672608,69.65707397460938,1998
242,1998-03-20,41233.51970672608,71.67142486572266,1998
243,1998-03-27,41233.51970672608,71.50836181640625,1998
244,1998-04-03,41233.51970672608,73.44482421875,1998
245,1998-04-10,41233.51970672608,72.52754211425781,1998
246,1998-04-17,41233.51970672608,73.24103546142578,1998
247,1998-04-24,41233.51970672608,72.2829360961914,1998
248,1998-05-01,41233.51970672608,73.44482421875,1998
249,1998-05-08,41233.51970672608,72.4867935180664,1998
250,1998-05-15,41233.51970672608,72.4256362915039,1998
251,1998-05-22,41233.51970672608,72.56831359863281,1998
252,1998-05-29,41233.51970672608,71.12104797363281,1998
253,1998-06-05,41233.51970672608,73.05756378173828,1998
254,1998-06-12,40658.66329193115,72.03829956054688,1998
255,1998-06-19,40649.55388641357,72.022216796875,1998
256,1998-06-26,41987.41875457764,74.39425659179688,1998
257,1998-07-03,41987.41875457764,75.15087890625,1998
258,1998-07-10,41987.41875457764,76.21428680419922,1998
259,1998-07-17,41987.41875457764,77.58435821533203,1998
260,1998-07-24,41987.41875457764,74.66011047363281,1998
261,1998-07-31,41987.41875457764,73.14691162109375,1998
262,1998-08-07,41987.41875457764,71.40868377685547,1998
263,1998-08-14,41987.41875457764,69.44554901123047,1998
264,1998-08-21,41987.41875457764,71.04061126708984,1998
265,1998-08-28,41987.41875457764,67.64604949951172,1998
266,1998-09-04,41987.41875457764,63.965171813964844,1998
267,1998-09-11,43677.66527557373,66.54178619384766,1998
268,1998-09-18,44006.85643768311,67.04357147216797,1998
269,1998-09-25,44006.85643768311,68.4595718383789,1998
270,1998-10-02,44006.85643768311,66.14063262939453,1998
271,1998-10-09,44006.85643768311,64.70413208007812,1998
272,1998-10-16,44006.85643768311,69.60874938964844,1998
273,1998-10-23,44006.85643768311,70.16284942626953,1998
274,1998-10-30,44006.85643768311,72.23551177978516,1998
275,1998-11-06,44006.85643768311,74.94435119628906,1998
276,1998-11-13,44006.85643768311,74.3492431640625,1998
277,1998-11-20,44006.85643768311,76.58609008789062,1998
278,1998-11-27,44006.85643768311,78.47402954101562,1998
279,1998-12-04,44006.85643768311,77.73526763916016,1998
280,1998-12-11,44006.85643768311,76.91439819335938,1998
281,1998-12-18,44006.85643768311,78.07585144042969,1998
282,1998-12-25,50220.044578552246,80.83486938476562,1998
283,1999-01-01,50220.044578552246,81.24667358398438,1999
284,1999-01-08,50220.044578552246,84.17042541503906,1999
285,1999-01-15,50220.044578552246,81.94672393798828,1999
286,1999-01-22,50220.044578552246,80.75251770019531,1999
287,1999-01-29,50220.044578552246,84.1086196899414,1999
288,1999-02-05,44565.743309021,81.74081420898438,1999
289,1999-02-12,43877.3932723999,81.45256805419922,1999
290,1999-02-19,44860.745262146,81.8643569946289,1999
291,1999-02-26,43779.08358001709,81.41138458251953,1999
292,1999-03-05,50048.039054870605,84.03659057617188,1999
293,1999-03-12,52924.34453582764,85.24108123779297,1999
294,1999-03-19,53910.99416351318,85.6541976928711,1999
295,1999-03-26,53910.99416351318,84.91117095947266,1999
296,1999-04-02,53910.99416351318,85.42716979980469,1999
297,1999-04-09,56216.14781188965,89.08037567138672,1999
298,1999-04-16,54822.62528991699,86.87195587158203,1999
299,1999-04-23,54822.62528991699,89.69955444335938,1999
300,1999-04-30,54822.62528991699,88.00714874267578,1999
301,1999-05-07,55541.51382446289,89.1629638671875,1999
302,1999-05-14,55040.85583496094,88.35797882080078,1999
303,1999-05-21,55040.85583496094,88.06906127929688,1999
304,1999-05-28,55040.85583496094,85.99473571777344,1999
305,1999-06-04,55040.85583496094,87.98646545410156,1999
306,1999-06-11,53634.79180145264,85.73676300048828,1999
307,1999-06-18,55659.73801422119,88.9766616821289,1999
308,1999-06-25,55659.73801422119,87.24806213378906,1999
309,1999-07-02,58910.33727264404,92.35107421875,1999
310,1999-07-09,59371.8697052002,93.07564544677734,1999
311,1999-07-16,59925.73583984375,93.94512939453125,1999
312,1999-07-23,59925.73583984375,89.92891693115234,1999
313,1999-07-30,59925.73583984375,87.94155883789062,1999
314,1999-08-06,59925.73583984375,86.36824035644531,1999
315,1999-08-13,59925.73583984375,88.21068572998047,1999
316,1999-08-20,59925.73583984375,88.70753479003906,1999
317,1999-08-27,60442.738708496094,89.47351837158203,1999
318,1999-09-03,60848.00547027588,90.07386779785156,1999
319,1999-09-10,60806.085762023926,90.01173400878906,1999
320,1999-09-17,60806.085762023926,88.85359191894531,1999
321,1999-09-24,60806.085762023926,84.86761474609375,1999
322,1999-10-01,60806.085762023926,85.3450927734375,1999
323,1999-10-08,63363.28217315674,88.93658447265625,1999
324,1999-10-15,63363.28217315674,82.95769500732422,1999
325,1999-10-22,63363.28217315674,86.42463684082031,1999
326,1999-10-29,63363.28217315674,91.01261901855469,1999
327,1999-11-05,63363.28217315674,91.5938949584961,1999
328,1999-11-12,63363.28217315674,92.83953857421875,1999
329,1999-11-19,63363.28217315674,94.66639709472656,1999
330,1999-11-26,63363.28217315674,93.96063232421875,1999
331,1999-12-03,63363.28217315674,95.55911254882812,1999
332,1999-12-10,63363.28217315674,94.251220703125,1999
333,1999-12-17,65439.61615753174,95.02362823486328,1999
334,1999-12-24,72236.43842315674,97.55219268798828,1999
335,1999-12-31,72236.43842315674,97.81233215332031,1999
336,2000-01-07,72236.43842315674,97.06315612792969,2000
337,2000-01-14,72236.43842315674,97.874755859375,2000
338,2000-01-21,72236.43842315674,96.18904876708984,2000
339,2000-01-28,72236.43842315674,90.48683166503906,2000
340,2000-02-04,72236.43842315674,94.96123504638672,2000
341,2000-02-11,72236.43842315674,92.35983276367188,2000
342,2000-02-18,72236.43842315674,90.11219787597656,2000
343,2000-02-25,72236.43842315674,88.79072570800781,2000
344,2000-03-03,76457.87046051025,93.98310089111328,2000
345,2000-03-10,75916.44317626953,93.317138671875,2000
346,2000-03-17,75916.44317626953,98.10267639160156,2000
347,2000-03-24,75916.44317626953,102.52581787109375,2000
348,2000-03-31,75916.44317626953,100.39772033691406,2000
349,2000-04-07,75916.44317626953,101.10711669921875,2000
350,2000-04-14,75916.44317626953,90.80024719238281,2000
351,2000-04-21,75916.44317626953,96.01628112792969,2000
352,2000-04-28,75916.44317626953,96.87165832519531,2000
353,2000-05-05,75916.44317626953,95.82847595214844,2000
354,2000-05-12,75916.44317626953,95.34864807128906,2000
355,2000-05-19,75916.44317626953,94.22197723388672,2000
356,2000-05-26,75916.44317626953,92.13558197021484,2000
357,2000-06-02,81325.36127471924,98.70774841308594,2000
358,2000-06-09,81325.36127471924,97.8731918334961,2000
359,2000-06-16,81325.36127471924,98.10360717773438,2000
360,2000-06-23,81325.36127471924,96.61873626708984,2000
361,2000-06-30,81325.36127471924,97.22523498535156,2000
362,2000-07-07,81325.36127471924,99.10742950439453,2000
363,2000-07-14,81325.36127471924,101.21966552734375,2000
364,2000-07-21,81325.36127471924,98.83555603027344,2000
365,2000-07-28,81325.36127471924,95.09214782714844,2000
366,2000-08-04,81325.36127471924,97.95721435546875,2000
367,2000-08-11,81325.36127471924,98.64732360839844,2000
368,2000-08-18,82583.3330154419,100.17399597167969,2000
369,2000-08-25,83444.92072296143,101.21966552734375,2000
370,2000-09-01,83444.92072296143,102.05619049072266,2000
371,2000-09-08,83444.92072296143,100.25762939453125,2000
372,2000-09-15,83444.92072296143,97.95170593261719,2000
373,2000-09-22,83444.92072296143,97.46949005126953,2000
374,2000-09-29,83444.92072296143,96.35832977294922,2000
375,2000-10-06,81957.8390045166,94.63912200927734,2000
376,2000-10-13,79926.64778900146,92.29096221923828,2000
377,2000-10-20,81286.8225402832,93.86343383789062,2000
378,2000-10-27,80924.15106964111,93.44412231445312,2000
379,2000-11-03,82955.23669433594,95.79225158691406,2000
380,2000-11-10,82955.23669433594,91.66200256347656,2000
381,2000-11-17,82955.23669433594,91.6724853515625,2000
382,2000-11-24,82955.23669433594,90.46697998046875,2000
383,2000-12-01,82955.23669433594,88.70585632324219,2000
384,2000-12-08,82955.23669433594,89.87992858886719,2000
385,2000-12-15,82955.23669433594,88.13671875,2000
386,2000-12-22,82935.47937011719,88.11573028564453,2000
387,2000-12-29,83093.78923797607,88.28395080566406,2000
388,2001-01-05,81827.25286102295,86.93804168701172,2001
389,2001-01-12,83608.29092407227,88.83075714111328,2001
390,2001-01-19,84884.72750091553,90.18716430664062,2001
391,2001-01-26,86062.16925811768,91.43843078613281,2001
392,2001-02-02,85381.39590454102,90.71503448486328,2001
393,2001-02-09,83506.96284484863,88.72301483154297,2001
394,2001-02-16,83506.96284484863,87.75397491455078,2001
395,2001-02-23,83506.96284484863,84.09307098388672,2001
396,2001-03-02,83506.96284484863,83.18460083007812,2001
397,2001-03-09,83338.2147064209,83.01632690429688,2001
398,2001-03-16,77911.18519592285,77.60553741455078,2001
399,2001-03-23,77552.46913909912,77.24787902832031,2001
400,2001-03-30,79048.21492767334,78.73915100097656,2001
401,2001-04-06,76753.88456726074,76.45165252685547,2001
402,2001-04-13,80510.09171295166,80.19664764404297,2001
403,2001-04-20,84334.01390838623,84.00910949707031,2001
404,2001-04-27,85200.29057312012,84.87281036376953,2001
405,2001-05-04,86256.07601928711,85.92544555664062,2001
406,2001-05-11,84773.90538024902,84.44770050048828,2001
407,2001-05-18,87880.40311431885,87.54490661621094,2001
408,2001-05-25,86770.4624633789,86.43827056884766,2001
409,2001-06-01,86770.4624633789,85.51384735107422,2001
410,2001-06-08,86770.4624633789,85.696044921875,2001
411,2001-06-15,86770.4624633789,82.45482635498047,2001
412,2001-06-22,86770.4624633789,83.1314926147461,2001
413,2001-06-29,86594.03765106201,82.96234130859375,2001
414,2001-07-06,84088.47269439697,80.56004333496094,2001
415,2001-07-13,86339.94008636475,82.71869659423828,2001
416,2001-07-20,85704.75187683105,82.10970306396484,2001
417,2001-07-27,85330.66379547119,81.75102233886719,2001
418,2001-08-03,86128.1841583252,82.51575469970703,2001
419,2001-08-10,86128.1841583252,80.7225112915039,2001
420,2001-08-17,86128.1841583252,79.00367736816406,2001
421,2001-08-24,86128.1841583252,80.53976440429688,2001
422,2001-08-31,86128.1841583252,77.24430084228516,2001
423,2001-09-07,86128.1841583252,73.56986236572266,2001
424,2001-09-14,86128.1841583252,74.46984100341797,2001
425,2001-09-21,86128.1841583252,66.07553100585938,2001
426,2001-09-28,86128.1841583252,70.93879699707031,2001
427,2001-10-05,88428.79344177246,72.8338623046875,2001
428,2001-10-12,90300.63302612305,74.37570190429688,2001
429,2001-10-19,88527.74955749512,72.91536712646484,2001
430,2001-10-26,90976.81153869627,74.93267822265625,2001
431,2001-11-02,90094.4312286377,74.20587158203125,2001
432,2001-11-09,92955.82270812988,76.56282043457031,2001
433,2001-11-16,94308.10563659668,77.67677307128906,2001
434,2001-11-23,95396.60438537598,78.57337188720703,2001
435,2001-11-30,95396.60438537598,77.4661865234375,2001
436,2001-12-07,95396.60438537598,79.17106628417969,2001
437,2001-12-14,95396.60438537598,76.8412857055664,2001
438,2001-12-21,95396.60438537598,78.34609985351562,2001
439,2001-12-28,95396.60438537598,79.06170654296875,2001
440,2002-01-04,100722.87129211426,80.16586303710938,2002
441,2002-01-11,100722.87129211426,78.33922576904297,2002
442,2002-01-18,100722.87129211426,77.11925506591797,2002
443,2002-01-25,100722.87129211426,77.3918685913086,2002
444,2002-02-01,100722.87129211426,76.7784423828125,2002
445,2002-02-08,100722.87129211426,75.03365325927734,2002
446,2002-02-15,100722.87129211426,75.57889556884766,2002
447,2002-02-22,100722.87129211426,74.72695922851562,2002
448,2002-03-01,104486.92195892334,77.52136993408203,2002
449,2002-03-08,107470.66590118408,79.7364730834961,2002
450,2002-03-15,107465.30141448976,79.73249816894531,2002
451,2002-03-22,105982.98686218262,78.63202667236328,2002
452,2002-03-29,105982.98686218262,78.27660369873047,2002
453,2002-04-05,105982.98686218262,77.02574920654297,2002
454,2002-04-12,105982.98686218262,76.15767669677734,2002
455,2002-04-19,105982.98686218262,77.15562438964844,2002
456,2002-04-26,105982.98686218262,73.4030990600586,2002
457,2002-05-03,105982.98686218262,73.53297424316406,2002
458,2002-05-10,105982.98686218262,72.2616195678711,2002
459,2002-05-17,105982.98686218262,75.80223083496094,2002
460,2002-05-24,105982.98686218262,74.29168701171875,2002
461,2002-05-31,105982.98686218262,73.28687286376953,2002
462,2002-06-07,105982.98686218262,70.63481140136719,2002
463,2002-06-14,105982.98686218262,69.30879974365234,2002
464,2002-06-21,105982.98686218262,68.09722137451172,2002
465,2002-06-28,105982.98686218262,67.87777709960938,2002
466,2002-07-05,105982.98686218262,68.11785888671875,2002
467,2002-07-12,105982.98686218262,63.000946044921875,2002
468,2002-07-19,105982.98686218262,58.1035270690918,2002
469,2002-07-26,105982.98686218262,58.714012145996094,2002
470,2002-08-02,105982.98686218262,59.53024673461914,2002
471,2002-08-09,111477.16426086426,62.616851806640625,2002
472,2002-08-16,113833.54029846191,63.94062805175781,2002
473,2002-08-23,113833.54029846191,64.88719940185547,2002
474,2002-08-30,113833.54029846191,62.95292663574219,2002
475,2002-09-06,113833.54029846191,61.732025146484375,2002
476,2002-09-13,113833.54029846191,61.50565719604492,2002
477,2002-09-20,113833.54029846191,58.11598587036133,2002
478,2002-09-27,113833.54029846191,57.01360321044922,2002
479,2002-10-04,113833.54029846191,55.670082092285156,2002
480,2002-10-11,118565.38189697266,57.985084533691406,2002
481,2002-10-18,124874.48843383788,61.07170486450195,2002
482,2002-10-25,127071.43911743164,62.146549224853516,2002
483,2002-11-01,127170.01184082033,62.19477081298828,2002
484,2002-11-08,126296.86117553712,61.7675895690918,2002
485,2002-11-15,128761.37419128418,62.97331619262695,2002
486,2002-11-22,131606.13526916504,64.36505889892578,2002
487,2002-11-29,132394.73265075684,64.75093078613281,2002
488,2002-12-06,132394.73265075684,63.40739440917969,2002
489,2002-12-13,132394.73265075684,61.55400466918945,2002
490,2002-12-20,132394.73265075684,62.30653762817383,2002
491,2002-12-27,132394.73265075684,60.499454498291016,2002
492,2003-01-03,132394.73265075684,63.2481575012207,2003
493,2003-01-10,132394.73265075684,64.43209838867188,2003
494,2003-01-17,132394.73265075684,62.77046203613281,2003
495,2003-01-24,132394.73265075684,59.80707931518555,2003
496,2003-01-31,132394.73265075684,59.58551788330078,2003
497,2003-02-07,132394.73265075684,57.757652282714844,2003
498,2003-02-14,132394.73265075684,58.26308822631836,2003
499,2003-02-21,132394.73265075684,58.97623062133789,2003
500,2003-02-28,131959.7470703125,58.78236770629883,2003
501,2003-03-07,129504.90126037598,57.68842697143555,2003
502,2003-03-14,130763.42758178712,58.249237060546875,2003
503,2003-03-21,139932.51957702637,62.33529281616211,2003
504,2003-03-28,135315.03828430176,60.27760696411133,2003
505,2003-04-04,137670.5774383545,61.32731246948242,2003
506,2003-04-11,136001.4620513916,60.5835075378418,2003
507,2003-04-18,136001.4620513916,62.258853912353516,2003
508,2003-04-25,136001.4620513916,62.72459411621094,2003
509,2003-05-02,136001.4620513916,64.79618835449219,2003
510,2003-05-09,136001.4620513916,65.15768432617188,2003
511,2003-05-16,136001.4620513916,65.95018768310547,2003
512,2003-05-23,136001.4620513916,65.17855072021484,2003
513,2003-05-30,136001.4620513916,67.39608001708984,2003
514,2003-06-06,136001.4620513916,69.00190734863281,2003
515,2003-06-13,136001.4620513916,69.21045684814453,2003
516,2003-06-20,136001.4620513916,69.3767318725586,2003
517,2003-06-27,136001.4620513916,68.13489532470703,2003
518,2003-07-04,142016.87294006348,68.88839721679688,2003
519,2003-07-11,150372.19911193848,69.93490600585938,2003
520,2003-07-18,146305.88514709473,69.42558288574219,2003
521,2003-07-25,150316.46363830566,69.92792510986328,2003
522,2003-08-01,140735.87074279785,68.7279052734375,2003
523,2003-08-08,139454.6858062744,68.56745147705078,2003
524,2003-08-15,146918.7317047119,69.5023422241211,2003
525,2003-08-22,147754.4592437744,69.60700225830078,2003
526,2003-08-29,157056.55751037598,70.77210235595703,2003
527,2003-09-05,164799.15895080566,71.74186706542969,2003
528,2003-09-12,162682.73377990723,71.47676086425781,2003
529,2003-09-19,162682.73377990723,72.60557556152344,2003
530,2003-09-26,162682.73377990723,70.00028228759766,2003
531,2003-10-03,162682.73377990723,72.40948486328125,2003
532,2003-10-10,164539.0012359619,73.23590087890625,2003
533,2003-10-17,164051.2529449463,73.01881408691406,2003
534,2003-10-24,164051.2529449463,72.54254150390625,2003
535,2003-10-31,166774.88233184814,73.7471694946289,2003
536,2003-11-07,166774.88233184814,73.96427917480469,2003
537,2003-11-14,166774.88233184814,73.85920715332031,2003
538,2003-11-21,166774.88233184814,72.98375701904297,2003
539,2003-11-28,166774.88233184814,74.55256652832031,2003
540,2003-12-05,167401.52973937988,74.83269500732422,2003
541,2003-12-12,169422.61568450928,75.73614501953125,2003
542,2003-12-19,169422.61568450928,76.62882995605469,2003
543,2003-12-26,169422.61568450928,77.19176483154297,2003
544,2004-01-02,169422.61568450928,78.26834106445312,2004
545,2004-01-09,169422.61568450928,79.08456420898438,2004
546,2004-01-16,169422.61568450928,80.37933349609375,2004
547,2004-01-23,169422.61568450928,80.5200424194336,2004
548,2004-01-30,169422.61568450928,79.85157775878906,2004
549,2004-02-06,169422.61568450928,80.53414154052734,2004
550,2004-02-13,169422.61568450928,81.01258087158203,2004
551,2004-02-20,169422.61568450928,80.8366928100586,2004
552,2004-02-27,169422.61568450928,80.93518829345703,2004
553,2004-03-05,169422.61568450928,81.89217376708984,2004
554,2004-03-12,169422.61568450928,79.21826934814453,2004
555,2004-03-19,169422.61568450928,78.42265319824219,2004
556,2004-03-26,169422.61568450928,78.4014892578125,2004
557,2004-04-02,169422.61568450928,80.9505844116211,2004
558,2004-04-09,169422.61568450928,80.75997924804688,2004
559,2004-04-16,169422.61568450928,80.37865447998047,2004
560,2004-04-23,169422.61568450928,80.75289916992188,2004
561,2004-04-30,169422.61568450928,78.35206604003906,2004
562,2004-05-07,169422.61568450928,77.64592742919922,2004
563,2004-05-14,169422.61568450928,77.70243072509766,2004
564,2004-05-21,169422.61568450928,77.54003143310547,2004
565,2004-05-28,169422.61568450928,79.69369506835938,2004
566,2004-06-04,169422.61568450928,79.77845764160156,2004
567,2004-06-11,169422.61568450928,80.7458267211914,2004
568,2004-06-18,169422.61568450928,80.5302963256836,2004
569,2004-06-25,169422.61568450928,80.67913055419922,2004
570,2004-07-02,169422.61568450928,79.99879455566406,2004
571,2004-07-09,169422.61568450928,79.18373107910156,2004
572,2004-07-16,169422.61568450928,78.46090698242188,2004
573,2004-07-23,169422.61568450928,77.22064208984375,2004
574,2004-07-30,169422.61568450928,78.5530014038086,2004
575,2004-08-06,163326.0828781128,75.72529602050781,2004
576,2004-08-13,163845.55794525146,75.96627807617188,2004
577,2004-08-20,168872.64421844482,78.29791259765625,2004
578,2004-08-27,170354.71327972412,78.98532104492188,2004
579,2004-09-03,171378.56325531006,79.4601821899414,2004
580,2004-09-10,172814.83837127686,80.1263656616211,2004
581,2004-09-17,173672.0273361206,80.52393341064453,2004
582,2004-09-24,171078.9616317749,79.32121276855469,2004
583,2004-10-01,174439.1088180542,80.87973022460938,2004
584,2004-10-08,174439.1088180542,80.0684814453125,2004
585,2004-10-15,174439.1088180542,79.17889404296875,2004
586,2004-10-22,174439.1088180542,78.27508544921875,2004
587,2004-10-29,174439.1088180542,80.55950164794922,2004
588,2004-11-05,174439.1088180542,83.46308135986328,2004
589,2004-11-12,174439.1088180542,84.53765869140625,2004
590,2004-11-19,174439.1088180542,83.81034851074219,2004
591,2004-11-26,174439.1088180542,84.47415161132812,2004
592,2004-12-03,174439.1088180542,85.11652374267578,2004
593,2004-12-10,174439.1088180542,85.17366027832031,2004
594,2004-12-17,174439.1088180542,85.65486907958984,2004
595,2004-12-24,182207.07512664795,86.60862731933594,2004
596,2004-12-31,182207.07512664795,86.68036651611328,2004
597,2005-01-07,182207.07512664795,84.93773651123047,2005
598,2005-01-14,182207.07512664795,84.79429626464844,2005
599,2005-01-21,182207.07512664795,83.7472915649414,2005
600,2005-01-28,182207.07512664795,84.21339416503906,2005
601,2005-02-04,186550.35311889648,86.22140502929688,2005
602,2005-02-11,187387.99744415283,86.60862731933594,2005
603,2005-02-18,187387.99744415283,86.33615112304688,2005
604,2005-02-25,187387.99744415283,87.08197021484375,2005
605,2005-03-04,187387.99744415283,88.01425170898438,2005
606,2005-03-11,187387.99744415283,86.33615112304688,2005
607,2005-03-18,187387.99744415283,85.34334564208984,2005
608,2005-03-25,187387.99744415283,84.33540344238281,2005
609,2005-04-01,187387.99744415283,84.54419708251953,2005
610,2005-04-08,187387.99744415283,84.95457458496094,2005
611,2005-04-15,187387.99744415283,82.18277740478516,2005
612,2005-04-22,187387.99744415283,83.20508575439453,2005
613,2005-04-29,187679.7719192505,83.33468627929688,2005
614,2005-05-06,189852.39386749268,84.29940795898438,2005
615,2005-05-13,187631.2001113892,83.31304931640625,2005
616,2005-05-20,187631.2001113892,85.76094055175781,2005
617,2005-05-27,187631.2001113892,86.574462890625,2005
618,2005-06-03,187631.2001113892,86.50247192382812,2005
619,2005-06-10,187631.2001113892,86.53848266601562,2005
620,2005-06-17,187631.2001113892,87.72628021240234,2005
621,2005-06-24,187631.2001113892,86.00586700439453,2005
622,2005-07-01,187631.2001113892,86.40340423583984,2005
623,2005-07-08,198867.88745880127,87.69738006591797,2005
624,2005-07-15,198867.88745880127,88.79611206054688,2005
625,2005-07-22,198867.88745880127,89.30209350585938,2005
626,2005-07-29,198867.88745880127,89.44667053222656,2005
627,2005-08-05,198867.88745880127,88.82501220703125,2005
628,2005-08-12,198867.88745880127,88.95513916015625,2005
629,2005-08-19,198867.88745880127,88.52864074707031,2005
630,2005-08-26,198867.88745880127,87.29255676269531,2005
631,2005-09-02,198867.88745880127,88.38407135009766,2005
632,2005-09-09,202657.4840164185,90.06830596923828,2005
633,2005-09-16,202657.4840164185,89.65319061279297,2005
634,2005-09-23,202657.4840164185,88.15774536132812,2005
635,2005-09-30,202657.4840164185,89.31927490234375,2005
636,2005-10-07,202657.4840164185,86.8293228149414,2005
637,2005-10-14,202657.4840164185,86.14692687988281,2005
638,2005-10-21,202657.4840164185,85.7549057006836,2005
639,2005-10-28,202657.4840164185,86.96721649169922,2005
640,2005-11-04,206564.66747283936,88.64418029785156,2005
641,2005-11-11,209355.5940628052,89.84197235107422,2005
642,2005-11-18,211672.75943756104,90.83647918701172,2005
643,2005-11-25,215055.71422576904,92.28834533691406,2005
644,2005-12-02,214582.09522247317,92.0851058959961,2005
645,2005-12-09,214582.09522247317,91.70761108398438,2005
646,2005-12-16,214582.09522247317,92.21565246582031,2005
647,2005-12-23,214582.09522247317,92.507568359375,2005
648,2005-12-30,214582.09522247317,90.86551666259766,2005
649,2006-01-06,214582.09522247317,93.73356628417969,2006
650,2006-01-13,214582.09522247317,93.90875244140625,2006
651,2006-01-20,214582.09522247317,91.9310073852539,2006
652,2006-01-27,214582.09522247317,93.8065414428711,2006
653,2006-02-03,214582.09522247317,92.1499252319336,2006
654,2006-02-10,214582.09522247317,92.41997528076172,2006
655,2006-02-17,218257.72610473636,94.00360870361328,2006
656,2006-02-24,219274.04899597168,94.44148254394531,2006
657,2006-03-03,219274.04899597168,93.96713256835938,2006
658,2006-03-10,219274.04899597168,93.84304809570312,2006
659,2006-03-17,223620.24015808103,95.70360565185547,2006
660,2006-03-24,223620.24015808103,95.4032211303711,2006
661,2006-03-31,223620.24015808103,95.1247787475586,2006
662,2006-04-07,223620.24015808103,94.91230773925781,2006
663,2006-04-14,223620.24015808103,94.30418395996094,2006
664,2006-04-21,227859.0140762329,96.0919189453125,2006
665,2006-04-28,228414.9342727661,96.32637786865234,2006
666,2006-05-05,228414.9342727661,97.09571838378906,2006
667,2006-05-12,228414.9342727661,94.69247436523438,2006
668,2006-05-19,228414.9342727661,93.1245346069336,2006
669,2006-05-26,228414.9342727661,94.0623779296875,2006
670,2006-06-02,229517.8077774048,94.51664733886719,2006
671,2006-06-09,223024.6601638794,91.84233093261719,2006
672,2006-06-16,222759.4496231079,91.73312377929688,2006
673,2006-06-23,222384.24256134036,91.57859802246094,2006
674,2006-06-30,227458.8462905884,93.6686019897461,2006
675,2006-07-07,226261.70328521729,93.17555236816406,2006
676,2006-07-14,226261.70328521729,90.90153503417969,2006
677,2006-07-21,227049.3523788452,91.21795654296875,2006
678,2006-07-28,234431.20317840576,94.18375396728516,2006
679,2006-08-04,234834.1617050171,94.3456802368164,2006
680,2006-08-11,232654.42572784424,93.46992492675781,2006
681,2006-08-18,232654.42572784424,96.17811584472656,2006
682,2006-08-25,232654.42572784424,95.530517578125,2006
683,2006-09-01,232654.42572784424,96.7153549194336,2006
684,2006-09-08,232654.42572784424,95.87638854980469,2006
685,2006-09-15,232654.42572784424,97.53986358642578,2006
686,2006-09-22,232654.42572784424,97.17765808105469,2006
687,2006-09-29,232654.42572784424,98.73727416992188,2006
688,2006-10-06,232654.42572784424,99.79428100585938,2006
689,2006-10-13,232654.42572784424,100.99172973632812,2006
690,2006-10-20,232654.42572784424,101.14696502685547,2006
691,2006-10-27,232654.42572784424,101.93787384033203,2006
692,2006-11-03,232654.42572784424,100.92520141601562,2006
693,2006-11-10,232654.42572784424,102.18177032470703,2006
694,2006-11-17,247324.2348098755,103.79314422607422,2006
695,2006-11-24,247324.2348098755,103.74141693115234,2006
696,2006-12-01,247324.2348098755,103.64530944824219,2006
697,2006-12-08,247324.2348098755,104.5323257446289,2006
698,2006-12-15,259307.95838165283,105.79855346679688,2006
699,2006-12-22,259307.95838165283,104.61676788330078,2006
700,2006-12-29,259307.95838165283,105.26338958740234,2006
701,2007-01-05,259307.95838165283,104.46063232421875,2007
702,2007-01-12,264289.0387954712,106.46753692626953,2007
703,2007-01-19,263514.2469863892,106.15531921386719,2007
704,2007-01-26,263514.2469863892,105.64249420166016,2007
705,2007-02-02,268482.1537246704,107.63446807861328,2007
706,2007-02-09,268482.1537246704,106.98783111572266,2007
707,2007-02-16,271820.4108428955,108.3182373046875,2007
708,2007-02-23,271820.4108428955,107.99866485595703,2007
709,2007-03-02,271820.4108428955,103.07071685791016,2007
710,2007-03-09,271820.4108428955,104.63902282714844,2007
711,2007-03-16,268537.9020690918,103.37507629394531,2007
712,2007-03-23,277956.3860473633,107.00176239013672,2007
713,2007-03-30,277956.3860473633,105.9645004272461,2007
714,2007-04-06,277956.3860473633,107.63603973388672,2007
715,2007-04-13,277956.3860473633,108.44200134277344,2007
716,2007-04-20,277956.3860473633,110.90450286865234,2007
717,2007-04-27,277956.3860473633,111.5835952758789,2007
718,2007-05-04,277956.3860473633,112.62081146240234,2007
719,2007-05-11,277956.3860473633,112.57608795166016,2007
720,2007-05-18,277956.3860473633,113.889404296875,2007
721,2007-05-25,277956.3860473633,113.19544219970703,2007
722,2007-06-01,277956.3860473633,114.97888946533203,2007
723,2007-06-08,277956.3860473633,112.7103271484375,2007
724,2007-06-15,277956.3860473633,114.71751403808594,2007
725,2007-06-22,277956.3860473633,112.8289566040039,2007
726,2007-06-29,277956.3860473633,112.73902893066406,2007
727,2007-07-06,277956.3860473633,114.65006256103516,2007
728,2007-07-13,281353.6514892578,116.05158996582031,2007
729,2007-07-20,278901.1342773437,115.03980255126953,2007
730,2007-07-27,278901.1342773437,108.75196075439453,2007
731,2007-08-03,278901.1342773437,107.77017211914062,2007
732,2007-08-10,278901.1342773437,108.45215606689453,2007
733,2007-08-17,278901.1342773437,108.45215606689453,2007
734,2007-08-24,285876.1918411255,111.1651840209961,2007
735,2007-08-31,284450.3845062256,110.61058807373047,2007
736,2007-09-07,281521.66259002686,109.47139739990234,2007
737,2007-09-14,286974.4650115967,111.59234619140625,2007
738,2007-09-21,294278.9201812744,114.4334487915039,2007
739,2007-09-28,295459.7928466797,114.89278411865234,2007
740,2007-10-05,301790.62927246094,117.35511779785156,2007
741,2007-10-12,302719.662727356,117.71651458740234,2007
742,2007-10-19,302719.662727356,112.70152282714844,2007
743,2007-10-26,302719.662727356,115.67587280273438,2007
744,2007-11-02,302719.662727356,113.85365295410156,2007
745,2007-11-09,302719.662727356,109.29045867919922,2007
746,2007-11-16,302719.662727356,109.77987670898438,2007
747,2007-11-23,302719.662727356,108.5298843383789,2007
748,2007-11-30,312233.43981170654,111.94097137451172,2007
749,2007-12-07,312233.43981170654,113.63524627685547,2007
750,2007-12-14,312233.43981170654,110.81904602050781,2007
751,2007-12-21,312233.43981170654,112.13392639160156,2007
752,2007-12-28,312233.43981170654,111.50560760498047,2007
753,2008-01-04,312233.43981170654,106.97117614746094,2008
754,2008-01-11,312233.43981170654,106.09307861328125,2008
755,2008-01-18,294210.214302063,99.96897888183594,2008
756,2008-01-25,296393.41680908203,100.7108383178711,2008
757,2008-02-01,310963.637878418,105.66163635253906,2008
758,2008-02-08,310963.637878418,100.73355865478516,2008
759,2008-02-15,315799.2863006592,102.3005142211914,2008
760,2008-02-22,316920.63122558594,102.6639175415039,2008
761,2008-02-29,312715.7113647461,101.30130767822266,2008
762,2008-03-07,312715.7113647461,98.19002532958984,2008
763,2008-03-14,312715.7113647461,98.11433410644531,2008
764,2008-03-21,320252.08422088623,100.47908782958984,2008
765,2008-03-28,320252.08422088623,100.04547119140625,2008
766,2008-04-04,320252.08422088623,104.13832092285156,2008
767,2008-04-11,320252.08422088623,101.46809387207031,2008
768,2008-04-18,320252.08422088623,105.3478775024414,2008
769,2008-04-25,320252.08422088623,106.19990539550781,2008
770,2008-05-02,320252.08422088623,107.65290832519531,2008
771,2008-05-09,320252.08422088623,105.66739654541016,2008
772,2008-05-16,320252.08422088623,108.52781677246094,2008
773,2008-05-23,320252.08422088623,104.7088394165039,2008
774,2008-05-30,320252.08422088623,106.77051544189453,2008
775,2008-06-06,320252.08422088623,103.68186950683594,2008
776,2008-06-13,320252.08422088623,103.57533264160156,2008
777,2008-06-20,320252.08422088623,100.59941101074219,2008
778,2008-06-27,320252.08422088623,97.50298309326172,2008
779,2008-07-04,320252.08422088623,96.57023620605469,2008
780,2008-07-11,320252.08422088623,94.68180847167969,2008
781,2008-07-18,320252.08422088623,96.31790161132812,2008
782,2008-07-25,318981.4160385132,95.93568420410156,2008
783,2008-08-01,318981.4160385132,96.45555114746094,2008
784,2008-08-08,318981.4160385132,98.90978240966797,2008
785,2008-08-15,318981.4160385132,99.52137756347656,2008
786,2008-08-22,318981.4160385132,99.12384033203125,2008
787,2008-08-29,318981.4160385132,98.4663314819336,2008
788,2008-09-05,318981.4160385132,95.125244140625,2008
789,2008-09-12,318981.4160385132,96.40200805664062,2008
790,2008-09-19,318981.4160385132,95.4451904296875,2008
791,2008-09-26,318981.4160385132,92.93061065673828,2008
792,2008-10-03,318981.4160385132,84.84867095947266,2008
793,2008-10-10,318981.4160385132,68.05429077148438,2008
794,2008-10-17,318981.4160385132,71.67613983154297,2008
795,2008-10-24,318981.4160385132,66.93160247802734,2008
796,2008-10-31,354853.680557251,74.4598388671875,2008
797,2008-11-07,354853.680557251,72.17598724365234,2008
798,2008-11-14,354853.680557251,66.60861206054688,2008
799,2008-11-21,354853.680557251,61.148887634277344,2008
800,2008-11-28,402021.0084114074,69.27694702148438,2008
801,2008-12-05,392382.34016799927,67.61595916748047,2008
802,2008-12-12,397112.41916275024,68.43107604980469,2008
803,2008-12-19,396737.0252037048,68.36641693115234,2008
804,2008-12-26,392103.55071640015,67.56793212890625,2008
805,2009-01-02,418195.4010353088,72.06417083740234,2009
806,2009-01-09,400785.86975479126,69.06411743164062,2009
807,2009-01-16,382656.4533729553,65.93999481201172,2009
808,2009-01-23,382656.4533729553,64.42829132080078,2009
809,2009-01-30,377500.6082496643,64.21126556396484,2009
810,2009-02-06,453926.62829971313,67.42840576171875,2009
811,2009-02-13,453926.62829971313,64.156982421875,2009
812,2009-02-20,453926.62829971313,60.017337799072266,2009
813,2009-02-27,453926.62829971313,57.31181335449219,2009
814,2009-03-06,423166.47510147095,53.42797088623047,2009
815,2009-03-13,467188.54358291626,58.98628234863281,2009
816,2009-03-20,474366.194644928,59.89255142211914,2009
817,2009-03-27,504666.3035926819,63.718292236328125,2009
818,2009-04-03,521052.906375885,65.78732299804688,2009
819,2009-04-10,530637.3076210022,66.99750518798828,2009
820,2009-04-17,538490.7799110413,67.98908996582031,2009
821,2009-04-24,535893.7822303772,67.66117095947266,2009
822,2009-05-01,543499.5128211975,68.62151336669922,2009
823,2009-05-08,543499.5128211975,72.59561920166016,2009
824,2009-05-15,543499.5128211975,69.26171112060547,2009
825,2009-05-22,543499.5128211975,69.50376892089844,2009
826,2009-05-29,543499.5128211975,72.24425506591797,2009
827,2009-06-05,590959.7523536682,73.82142639160156,2009
828,2009-06-12,603412.1448402405,74.2352294921875,2009
829,2009-06-19,603412.1448402405,72.26762390136719,2009
830,2009-06-26,603412.1448402405,72.11058807373047,2009
831,2009-07-03,550068.1790504456,70.51669311523438,2009
832,2009-07-10,501452.6100502014,69.06411743164062,2009
833,2009-07-17,663589.7904701233,73.90863037109375,2009
834,2009-07-24,766864.0738868713,76.994384765625,2009
835,2009-07-31,766864.0738868713,77.58325958251953,2009
836,2009-08-07,766864.0738868713,79.45984649658203,2009
837,2009-08-14,766864.0738868713,79.1379165649414,2009
838,2009-08-21,766864.0738868713,80.8495864868164,2009
839,2009-08-28,766864.0738868713,81.1715316772461,2009
840,2009-09-04,766864.0738868713,80.13508605957031,2009
841,2009-09-11,766864.0738868713,82.262939453125,2009
842,2009-09-18,838837.6063575745,84.19314575195312,2009
843,2009-09-25,838837.6063575745,82.40230560302734,2009
844,2009-10-02,838837.6063575745,80.85598754882812,2009
845,2009-10-09,838837.6063575745,84.61912536621094,2009
846,2009-10-16,889827.1765785217,85.90510559082031,2009
847,2009-10-23,864489.2484779358,85.26605224609375,2009
848,2009-10-30,864489.2484779358,81.70014190673828,2009
849,2009-11-06,864489.2484779358,84.5165786743164,2009
850,2009-11-13,884580.9103126526,86.48101043701172,2009
851,2009-11-20,883048.1773414612,86.33108520507812,2009
852,2009-11-27,884177.7114906311,86.4415512084961,2009
853,2009-12-04,895797.1258888245,87.57759094238281,2009
854,2009-12-11,895797.1258888245,87.656494140625,2009
855,2009-12-18,895797.1258888245,87.41456604003906,2009
856,2009-12-25,895797.1258888245,89.21504211425781,2009
857,2010-01-01,895797.1258888245,88.39013671875,2010
858,2010-01-08,895797.1258888245,90.87274169921875,2010
859,2010-01-15,895797.1258888245,90.13509368896484,2010
860,2010-01-22,895797.1258888245,86.62139892578125,2010
861,2010-01-29,895797.1258888245,85.17782592773438,2010
862,2010-02-05,895797.1258888245,84.59880828857422,2010
863,2010-02-12,895797.1258888245,85.69336700439453,2010
864,2010-02-19,921499.0553092957,88.15217590332031,2010
865,2010-02-26,918182.6490211488,87.83489990234375,2010
866,2010-03-05,947283.6057929992,90.61893463134766,2010
867,2010-03-12,957315.7647209167,91.57865905761719,2010
868,2010-03-19,965503.6237373352,92.36196899414062,2010
869,2010-03-26,970582.0278739928,92.84778594970703,2010
870,2010-04-02,980738.4373970032,93.8194351196289,2010
871,2010-04-09,995307.8165473938,95.21318817138672,2010
872,2010-04-16,993725.8145866394,95.06184387207031,2010
873,2010-04-23,993725.8145866394,97.01312255859375,2010
874,2010-04-30,993725.8145866394,94.62383270263672,2010
875,2010-05-07,993725.8145866394,88.61076354980469,2010
876,2010-05-14,993725.8145866394,90.70539855957031,2010
877,2010-05-21,993725.8145866394,86.8984603881836,2010
878,2010-05-28,993725.8145866394,87.10552978515625,2010
879,2010-06-04,993725.8145866394,85.07461547851562,2010
880,2010-06-11,993725.8145866394,87.3524169921875,2010
881,2010-06-18,993725.8145866394,89.40846252441406,2010
882,2010-06-25,993725.8145866394,86.31961822509766,2010
883,2010-07-02,993725.8145866394,81.7823715209961,2010
884,2010-07-09,993725.8145866394,86.39164733886719,2010
885,2010-07-16,993725.8145866394,85.3513412475586,2010
886,2010-07-23,993725.8145866394,88.35218811035156,2010
887,2010-07-30,993725.8145866394,88.24011993408203,2010
888,2010-08-06,993725.8145866394,89.9366226196289,2010
889,2010-08-13,993725.8145866394,86.67170715332031,2010
890,2010-08-20,993725.8145866394,86.04755401611328,2010
891,2010-08-27,987534.2004508972,85.51139068603516,2010
892,2010-09-03,1024775.337474823,88.73626708984375,2010
893,2010-09-10,1030227.0521354676,89.2083969116211,2010
894,2010-09-17,1045125.9210014344,90.49852752685547,2010
895,2010-09-24,1066772.6942253113,92.37300109863281,2010
896,2010-10-01,1064821.4494438171,92.20407104492188,2010
897,2010-10-08,1064821.4494438171,93.75679016113281,2010
898,2010-10-15,1064821.4494438171,94.68998718261719,2010
899,2010-10-22,1064821.4494438171,95.21294403076172,2010
900,2010-10-29,1064821.4494438171,95.3255615234375,2010
901,2010-11-05,1064821.4494438171,98.72862243652344,2010
902,2010-11-12,1064821.4494438171,96.70124053955078,2010
903,2010-11-19,1064821.4494438171,96.7736587524414,2010
904,2010-11-26,1012063.5956230164,95.57495880126953,2010
905,2010-12-03,1156882.255657196,98.86538696289062,2010
906,2010-12-10,1213178.9466667175,100.14453125,2010
907,2010-12-17,1229952.7461662292,100.52564239501953,2010
908,2010-12-24,1229952.7461662292,101.57698059082031,2010
909,2010-12-31,1229952.7461662292,101.69829559326172,2010
910,2011-01-07,1229952.7461662292,102.82242584228516,2011
911,2011-01-14,1229952.7461662292,104.56932830810547,2011
912,2011-01-21,1229952.7461662292,103.81717681884766,2011
913,2011-01-28,1229952.7461662292,103.29151153564453,2011
914,2011-02-04,1229952.7461662292,106.06544494628906,2011
915,2011-02-11,1229952.7461662292,107.65056610107422,2011
916,2011-02-18,1229952.7461662292,108.79899597167969,2011
917,2011-02-25,1229952.7461662292,107.0197525024414,2011
918,2011-03-04,1229952.7461662292,107.13296508789062,2011
919,2011-03-11,1229952.7461662292,105.81474304199219,2011
920,2011-03-18,1229952.7461662292,103.77269744873047,2011
921,2011-03-25,1229952.7461662292,106.6480484008789,2011
922,2011-04-01,1247281.187999725,108.15071105957031,2011
923,2011-04-08,1244565.1781730652,107.9151611328125,2011
924,2011-04-15,1244565.1781730652,107.24909973144531,2011
925,2011-04-22,1260965.017742157,108.66240692138672,2011
926,2011-04-29,1260965.017742157,110.81486511230469,2011
927,2011-05-06,1260965.017742157,109.00358581542969,2011
928,2011-05-13,1260965.017742157,108.87364196777344,2011
929,2011-05-20,1260965.017742157,108.52434539794922,2011
930,2011-05-27,1260965.017742157,108.443115234375,2011
931,2011-06-03,1231783.529285431,105.93327331542969,2011
932,2011-06-10,1205151.301738739,103.64273834228516,2011
933,2011-06-17,1205905.8432273865,103.70762634277344,2011
934,2011-06-24,1203627.9369392395,103.51171875,2011
935,2011-07-01,1271107.3291816711,109.31539916992188,2011
936,2011-07-08,1275663.141757965,109.70722961425781,2011
937,2011-07-15,1249942.9992790222,107.49517059326172,2011
938,2011-07-22,1249942.9992790222,109.85417938232422,2011
939,2011-07-29,1249942.9992790222,105.5687484741211,2011
940,2011-08-05,1249942.9992790222,98.01820373535156,2011
941,2011-08-12,1249942.9992790222,96.41828155517578,2011
942,2011-08-19,1249942.9992790222,91.94510650634766,2011
943,2011-08-26,1249942.9992790222,96.29586791992188,2011
944,2011-09-02,1249942.9992790222,96.19789123535156,2011
945,2011-09-09,1249942.9992790222,94.62251281738281,2011
946,2011-09-16,1249942.9992790222,99.70682525634766,2011
947,2011-09-23,1249942.9992790222,93.15924072265625,2011
948,2011-09-30,1249942.9992790222,92.83926391601562,2011
949,2011-10-07,1249942.9992790222,94.93972778320312,2011
950,2011-10-14,1249942.9992790222,100.56831359863281,2011
951,2011-10-21,1249942.9992790222,101.71704864501953,2011
952,2011-10-28,1249942.9992790222,105.51595306396484,2011
953,2011-11-04,1249942.9992790222,102.95599365234375,2011
954,2011-11-11,1249942.9992790222,103.92418670654297,2011
955,2011-11-18,1249942.9992790222,100.08427429199219,2011
956,2011-11-25,1249942.9992790222,95.45664978027344,2011
957,2011-12-02,1249942.9992790222,102.44729614257812,2011
958,2011-12-09,1249942.9992790222,103.42366790771484,2011
959,2011-12-16,1249942.9992790222,100.39698028564453,2011
960,2011-12-23,1299287.1616477966,104.3603286743164,2011
961,2011-12-30,1299287.1616477966,103.62545013427734,2011
962,2012-01-06,1299287.1616477966,105.45024871826172,2012
963,2012-01-13,1299287.1616477966,106.38330078125,2012
964,2012-01-20,1299287.1616477966,108.95121002197266,2012
965,2012-01-27,1299287.1616477966,108.84391021728516,2012
966,2012-02-03,1299287.1616477966,111.08979797363281,2012
967,2012-02-10,1299287.1616477966,110.94117736816406,2012
968,2012-02-17,1299287.1616477966,112.63382720947266,2012
969,2012-02-24,1299287.1616477966,113.063232421875,2012
970,2012-03-02,1299287.1616477966,113.37700653076172,2012
971,2012-03-09,1299287.1616477966,113.59166717529297,2012
972,2012-03-16,1425648.2990989685,116.35350036621094,2012
973,2012-03-23,1425648.2990989685,115.81444549560547,2012
974,2012-03-30,1425648.2990989685,116.77647399902344,2012
975,2012-04-06,1425648.2990989685,115.93054962158203,2012
976,2012-04-13,1425648.2990989685,113.73286437988281,2012
977,2012-04-20,1425648.2990989685,114.40459442138672,2012
978,2012-04-27,1425648.2990989685,116.42816925048828,2012
979,2012-05-04,1425648.2990989685,113.61677551269531,2012
980,2012-05-11,1425648.2990989685,112.4639892578125,2012
981,2012-05-18,1425648.2990989685,107.59591674804688,2012
982,2012-05-25,1425648.2990989685,109.5531234741211,2012
983,2012-06-01,1425648.2990989685,106.28558349609375,2012
984,2012-06-08,1480599.110408783,110.3824234008789,2012
985,2012-06-15,1499899.024860382,111.82132720947266,2012
986,2012-06-22,1492295.370845795,111.25447082519531,2012
987,2012-06-29,1492295.370845795,113.45516967773438,2012
988,2012-07-06,1492295.370845795,112.94672393798828,2012
989,2012-07-13,1492295.370845795,113.16344451904297,2012
990,2012-07-20,1492295.370845795,113.7636489868164,2012
991,2012-07-27,1492295.370845795,115.60591125488281,2012
992,2012-08-03,1492295.370845795,116.16444396972656,2012
993,2012-08-10,1492295.370845795,117.4065170288086,2012
994,2012-08-17,1492295.370845795,118.52357482910156,2012
995,2012-08-24,1492295.370845795,117.965087890625,2012
996,2012-08-31,1492295.370845795,117.67330169677734,2012
997,2012-09-07,1626338.6646385193,120.31584930419922,2012
998,2012-09-14,1626338.6646385193,122.7417221069336,2012
999,2012-09-21,1626338.6646385193,122.24874114990234,2012
1000,2012-09-28,1626338.6646385193,120.65641021728516,2012
1001,2012-10-05,1626338.6646385193,122.47502899169922,2012
1002,2012-10-12,1626338.6646385193,119.75129699707031,2012
1003,2012-10-19,1626338.6646385193,120.17036437988281,2012
1004,2012-10-26,1626338.6646385193,118.4607162475586,2012
1005,2012-11-02,1626338.6646385193,118.63670349121094,2012
1006,2012-11-09,1626338.6646385193,115.78729248046875,2012
1007,2012-11-16,1626338.6646385193,114.2871322631836,2012
1008,2012-11-23,1685728.8733024595,118.4607162475586,2012
1009,2012-11-30,1695269.895488739,119.13114166259766,2012
1010,2012-12-07,1698370.548564911,119.34907531738281,2012
1011,2012-12-14,1694673.4323234558,119.0892333984375,2012
1012,2012-12-21,1714978.9101524353,120.51631164550781,2012
1013,2012-12-28,1714978.9101524353,118.18678283691406,2012
1014,2013-01-04,1714978.9101524353,123.53778839111328,2013
1015,2013-01-11,1714978.9101524353,124.12860107421875,2013
1016,2013-01-18,1714978.9101524353,125.19203186035156,2013
1017,2013-01-25,1714978.9101524353,126.81261444091797,2013
1018,2013-02-01,1714978.9101524353,127.64816284179688,2013
1019,2013-02-08,1714978.9101524353,128.1207275390625,2013
1020,2013-02-15,1714978.9101524353,128.38243103027344,2013
1021,2013-02-22,1714978.9101524353,128.1967315673828,2013
1022,2013-03-01,1714978.9101524353,128.38243103027344,2013
1023,2013-03-08,1865153.6813926697,131.19300842285156,2013
1024,2013-03-15,1865153.6813926697,132.1071319580078,2013
1025,2013-03-22,1865153.6813926697,131.9121856689453,2013
1026,2013-03-29,1865153.6813926697,132.81927490234375,2013
1027,2013-04-05,1865153.6813926697,131.53909301757812,2013
1028,2013-04-12,1865153.6813926697,134.62493896484375,2013
1029,2013-04-19,1865153.6813926697,131.8103790283203,2013
1030,2013-04-26,1865153.6813926697,134.1502227783203,2013
1031,2013-05-03,1902045.1272697449,136.80374145507812,2013
1032,2013-05-10,1926089.8328666687,138.5331573486328,2013
1033,2013-05-17,1926089.8328666687,141.5257568359375,2013
1034,2013-05-24,1926089.8328666687,140.1438751220703,2013
1035,2013-05-31,1926089.8328666687,138.5670623779297,2013
1036,2013-06-07,1926089.8328666687,139.71156311035156,2013
1037,2013-06-14,1926089.8328666687,138.33816528320312,2013
1038,2013-06-21,1887512.8658714292,135.5674285888672,2013
1039,2013-06-28,1903531.2416801453,136.71795654296875,2013
1040,2013-07-05,1934382.9576835632,138.93377685546875,2013
1041,2013-07-12,1987660.4847984316,142.7604217529297,2013
1042,2013-07-19,2007357.6122550964,144.1751251220703,2013
1043,2013-07-26,2006645.911052704,144.12400817871094,2013
1044,2013-08-02,2006645.911052704,145.692138671875,2013
1045,2013-08-09,2006645.911052704,144.2944793701172,2013
1046,2013-08-16,2006645.911052704,141.32861328125,2013
1047,2013-08-23,2006645.911052704,142.0019073486328,2013
1048,2013-08-30,1970877.6797904968,139.47076416015625,2013
1049,2013-09-06,1999661.7005271912,141.5076141357422,2013
1050,2013-09-13,2039283.5272483823,144.3115234375,2013
1051,2013-09-20,2066045.0141105647,146.20533752441406,2013
1052,2013-09-27,2044140.627254486,144.65525817871094,2013
1053,2013-10-04,2044140.627254486,144.63807678222656,2013
1054,2013-10-11,2044140.627254486,145.8113555908203,2013
1055,2013-10-18,2044140.627254486,149.34837341308594,2013
1056,2013-10-25,2044140.627254486,150.68435668945312,2013
1057,2013-11-01,2044140.627254486,150.90699768066406,2013
1058,2013-11-08,2044140.627254486,151.83192443847656,2013
1059,2013-11-15,2044140.627254486,154.19554138183594,2013
1060,2013-11-22,2044140.627254486,154.84649658203125,2013
1061,2013-11-29,2044140.627254486,155.00918579101562,2013
1062,2013-12-06,2044140.627254486,154.957763671875,2013
1063,2013-12-13,2044140.627254486,152.53414916992188,2013
1064,2013-12-20,2044140.627254486,156.33287048339844,2013
1065,2013-12-27,2147266.657222748,158.30474853515625,2013
1066,2014-01-03,2147266.657222748,157.4780731201172,2014
1067,2014-01-10,2147266.657222748,158.554443359375,2014
1068,2014-01-17,2147266.657222748,158.1239013671875,2014
1069,2014-01-24,2147266.657222748,154.03390502929688,2014
1070,2014-01-31,2147266.657222748,153.42254638671875,2014
1071,2014-02-07,2147266.657222748,154.71412658691406,2014
1072,2014-02-14,2199127.889400482,158.4511260986328,2014
1073,2014-02-21,2197575.042507172,158.3391571044922,2014
1074,2014-02-28,2226254.110774994,160.4057159423828,2014
1075,2014-03-07,2249794.9986228943,162.1019287109375,2014
1076,2014-03-14,2249794.9986228943,159.00218200683594,2014
1077,2014-03-21,2249794.9986228943,161.0358123779297,2014
1078,2014-03-28,2249794.9986228943,160.42178344726562,2014
1079,2014-04-04,2249794.9986228943,161.20883178710938,2014
1080,2014-04-11,2190777.332683563,156.9796600341797,2014
1081,2014-04-18,2249674.263683319,161.20016479492188,2014
1082,2014-04-25,2248467.34016037,161.11367797851562,2014
1083,2014-05-02,2269829.971691132,162.6444549560547,2014
1084,2014-05-09,2268622.62229538,162.55799865722656,2014
1085,2014-05-16,2269708.8108787537,162.6357879638672,2014
1086,2014-05-23,2269708.8108787537,164.62496948242188,2014
1087,2014-05-30,2269708.8108787537,166.6400604248047,2014
1088,2014-06-06,2269708.8108787537,168.97518920898438,2014
1089,2014-06-13,2269708.8108787537,167.8941650390625,2014
1090,2014-06-20,2269708.8108787537,170.27149963378906,2014
1091,2014-06-27,2269708.8108787537,170.16726684570312,2014
1092,2014-07-04,2269708.8108787537,172.23538208007812,2014
1093,2014-07-11,2269708.8108787537,170.85374450683594,2014
1094,2014-07-18,2269708.8108787537,171.8096466064453,2014
1095,2014-07-25,2269708.8108787537,171.81834411621094,2014
1096,2014-08-01,2269708.8108787537,167.28216552734375,2014
1097,2014-08-08,2269708.8108787537,167.9252166748047,2014
1098,2014-08-15,2298837.218044281,170.08035278320312,2014
1099,2014-08-22,2339593.5182151794,173.09579467773438,2014
1100,2014-08-29,2357446.6990013123,174.41665649414062,2014
1101,2014-09-05,2362144.3834495544,174.76417541503906,2014
1102,2014-09-12,2362144.3834495544,173.0436248779297,2014
1103,2014-09-19,2362144.3834495544,175.22320556640625,2014
1104,2014-09-26,2362144.3834495544,172.7786102294922,2014
1105,2014-10-03,2362144.3834495544,171.5737762451172,2014
1106,2014-10-10,2362144.3834495544,166.3529052734375,2014
1107,2014-10-17,2362144.3834495544,164.54566955566406,2014
1108,2014-10-24,2362144.3834495544,171.49525451660156,2014
1109,2014-10-31,2425033.0833854675,176.06137084960938,2014
1110,2014-11-07,2445235.066585541,177.52809143066406,2014
1111,2014-11-14,2456056.589351654,178.3138427734375,2014
1112,2014-11-21,2485396.9294700623,180.444091796875,2014
1113,2014-11-28,2491649.7991752625,180.89810180664062,2014
1114,2014-12-05,2501269.631053925,181.5965118408203,2014
1115,2014-12-12,2501269.631053925,175.3890838623047,2014
1116,2014-12-19,2501269.631053925,181.2995147705078,2014
1117,2014-12-26,2594283.1657218933,182.98504638671875,2014
1118,2015-01-02,2594283.1657218933,180.34263610839844,2015
1119,2015-01-09,2594283.1657218933,179.30677795410156,2015
1120,2015-01-16,2594283.1657218933,177.0067138671875,2015
1121,2015-01-23,2594283.1657218933,179.93881225585938,2015
1122,2015-01-30,2594283.1657218933,175.09295654296875,2015
1123,2015-02-06,2673623.686717987,180.44801330566406,2015
1124,2015-02-13,2673623.686717987,184.16143798828125,2015
1125,2015-02-20,2673623.686717987,185.4431610107422,2015
1126,2015-02-27,2673623.686717987,184.93389892578125,2015
1127,2015-03-06,2673623.686717987,182.15985107421875,2015
1128,2015-03-13,2673623.686717987,180.69381713867188,2015
1129,2015-03-20,2745312.808238983,185.53903198242188,2015
1130,2015-03-27,2745312.808238983,181.42103576660156,2015
1131,2015-04-03,2745312.808238983,182.03826904296875,2015
1132,2015-04-10,2793183.3404655457,185.2127685546875,2015
1133,2015-04-17,2793183.3404655457,183.36978149414062,2015
1134,2015-04-24,2842880.250621796,186.63247680664062,2015
1135,2015-05-01,2842880.250621796,185.8123779296875,2015
1136,2015-05-08,2842880.250621796,186.60597229003906,2015
1137,2015-05-15,2842880.250621796,187.32907104492188,2015
1138,2015-05-22,2842880.250621796,187.8140869140625,2015
1139,2015-05-29,2842880.250621796,186.1826934814453,2015
1140,2015-06-05,2842880.250621796,184.9746551513672,2015
1141,2015-06-12,2842880.250621796,185.186279296875,2015
1142,2015-06-19,2867589.51404953,186.79592895507812,2015
1143,2015-06-26,2854123.6588249207,185.91876220703125,2015
1144,2015-07-03,2819981.644390106,183.69467163085938,2015
1145,2015-07-10,2822294.5071525574,183.8452606201172,2015
1146,2015-07-17,2890305.4148979187,188.27572631835938,2015
1147,2015-07-24,2890305.4148979187,184.30601501464844,2015
1148,2015-07-31,2890305.4148979187,186.5213165283203,2015
1149,2015-08-07,2890305.4148979187,184.26171875,2015
1150,2015-08-14,2890305.4148979187,185.5642852783203,2015
1151,2015-08-21,2890305.4148979187,175.2945556640625,2015
1152,2015-08-28,2890305.4148979187,176.579345703125,2015
1153,2015-09-04,2890305.4148979187,170.65147399902344,2015
1154,2015-09-11,2890305.4148979187,174.3286895751953,2015
1155,2015-09-18,2886281.334194184,174.08602905273438,2015
1156,2015-09-25,2847887.753993988,171.7702178955078,2015
1157,2015-10-02,2879636.427684784,173.68521118164062,2015
1158,2015-10-09,2879636.427684784,179.32333374023438,2015
1159,2015-10-16,2879636.427684784,181.05125427246094,2015
1160,2015-10-23,2879636.427684784,184.82777404785156,2015
1161,2015-10-30,2879636.427684784,185.2018585205078,2015
1162,2015-11-06,2879636.427684784,187.08123779296875,2015
1163,2015-11-13,2879636.427684784,180.40106201171875,2015
1164,2015-11-20,2975886.7810783386,186.43104553222656,2015
1165,2015-11-27,2975886.7810783386,186.6537322998047,2015
1166,2015-12-04,2975886.7810783386,186.70716857910156,2015
1167,2015-12-11,2975886.7810783386,179.81317138671875,2015
1168,2015-12-18,2975886.7810783386,179.216796875,2015
1169,2015-12-25,2975886.7810783386,184.2880859375,2015
1170,2016-01-01,2975886.7810783386,182.6663818359375,2016
1171,2016-01-08,2975886.7810783386,171.95921325683594,2016
1172,2016-01-15,2975886.7810783386,168.2767333984375,2016
1173,2016-01-22,2975886.7810783386,170.70486450195312,2016
1174,2016-01-29,2975886.7810783386,173.57203674316406,2016
1175,2016-02-05,2975886.7810783386,168.40213012695312,2016
1176,2016-02-12,2954986.8652915955,167.21939086914062,2016
1177,2016-02-19,3040010.4870414734,172.03089904785156,2016
1178,2016-02-26,3088934.965114593,174.7995147705078,2016
1179,2016-03-04,3173483.7542381287,179.5841064453125,2016
1180,2016-03-11,3210375.0945396423,181.67181396484375,2016
1181,2016-03-18,3252714.7415122986,184.06781005859375,2016
1182,2016-03-25,3232662.298152924,182.93304443359375,2016
1183,2016-04-01,3293138.3404197693,186.35531616210938,2016
1184,2016-04-08,3293138.3404197693,184.17588806152344,2016
1185,2016-04-15,3293138.3404197693,187.1298828125,2016
1186,2016-04-22,3293138.3404197693,188.2016143798828,2016
1187,2016-04-29,3293138.3404197693,185.8240203857422,2016
1188,2016-05-06,3254196.2698631287,185.27462768554688,2016
1189,2016-05-13,3192909.342189789,184.41004943847656,2016
1190,2016-05-20,3239512.4139060974,185.0675048828125,2016
1191,2016-05-27,3542750.9124412537,189.34539794921875,2016
1192,2016-06-03,3542750.9124412537,189.38140869140625,2016
1193,2016-06-10,3542750.9124412537,189.19235229492188,2016
1194,2016-06-17,3542750.9124412537,186.96234130859375,2016
1195,2016-06-24,3542750.9124412537,183.99298095703125,2016
1196,2016-07-01,3659188.02022934,190.04039001464844,2016
1197,2016-07-08,3706773.62783432,192.51185607910156,2016
1198,2016-07-15,3706773.62783432,195.39071655273438,2016
1199,2016-07-22,3706773.62783432,196.6671905517578,2016
1200,2016-07-29,3706773.62783432,196.55853271484375,2016
1201,2016-08-05,3706773.62783432,197.5181427001953,2016
1202,2016-08-12,3706773.62783432,197.77163696289062,2016
1203,2016-08-19,3706773.62783432,197.8440704345703,2016
1204,2016-08-26,3706773.62783432,196.71243286132812,2016
1205,2016-09-02,3706773.62783432,197.69015502929688,2016
1206,2016-09-09,3706773.62783432,193.0822296142578,2016
1207,2016-09-16,3706773.62783432,194.13941955566406,2016
1208,2016-09-23,3752290.225765228,196.52330017089844,2016
1209,2016-09-30,3757675.5728263855,196.80535888671875,2016
1210,2016-10-07,3735786.3293266296,195.65892028808594,2016
1211,2016-10-14,3735786.3293266296,193.9119873046875,2016
1212,2016-10-21,3735786.3293266296,194.69444274902344,2016
1213,2016-10-28,3735786.3293266296,193.38421630859375,2016
1214,2016-11-04,3735786.3293266296,189.7538299560547,2016
1215,2016-11-11,3876759.74061203,196.91455078125,2016
1216,2016-11-18,3914018.024959564,198.80706787109375,2016
1217,2016-11-25,3968113.716991425,201.55490112304688,2016
1218,2016-12-02,3935154.453899384,199.88067626953125,2016
1219,2016-12-09,4057497.070812225,206.09515380859375,2016
1220,2016-12-16,4054926.249492645,205.96446228027344,2016
1221,2016-12-23,4066997.514263153,206.5777130126953,2016
1222,2016-12-30,4066997.514263153,204.5824737548828,2016
1223,2017-01-06,4334815.594585419,207.95057678222656,2017
1224,2017-01-13,4323171.382976532,207.80409240722656,2017
1225,2017-01-20,4323171.382976532,207.52037048339844,2017
1226,2017-01-27,4323171.382976532,209.56134033203125,2017
1227,2017-02-03,4323171.382976532,209.8999786376953,2017
1228,2017-02-10,4486785.383464813,211.8860321044922,2017
1229,2017-02-17,4756724.474040985,215.16258239746094,2017
1230,2017-02-24,4756724.474040985,216.67271423339844,2017
1231,2017-03-03,4756724.474040985,218.21031188964844,2017
1232,2017-03-10,4756724.474040985,217.54222106933594,2017
1233,2017-03-17,4756724.474040985,217.8819580078125,2017
1234,2017-03-24,4756724.474040985,214.96800231933594,2017
1235,2017-03-31,4756724.474040985,216.69613647460938,2017
1236,2017-04-07,4745828.35616684,216.19973754882812,2017
1237,2017-04-14,4691549.404094696,213.72706604003906,2017
1238,2017-04-21,4733519.437419891,215.6389923095703,2017
1239,2017-04-28,4803939.421749115,218.84715270996094,2017
1240,2017-05-05,4836628.445262909,220.33621215820312,2017
1241,2017-05-12,4822100.511394501,219.67437744140625,2017
1242,2017-05-19,4822100.511394501,219.05850219726562,2017
1243,2017-05-26,4890896.072429657,222.18385314941406,2017
1244,2017-06-02,4940670.949260712,224.44515991210938,2017
1245,2017-06-09,4940670.949260712,223.7465362548828,2017
1246,2017-06-16,4940670.949260712,224.12640380859375,2017
1247,2017-06-23,4940670.949260712,224.5790252685547,2017
1248,2017-06-30,4940670.949260712,223.35049438476562,2017
1249,2017-07-07,4940670.949260712,223.6368408203125,2017
1250,2017-07-14,5011072.344402313,226.8236083984375,2017
1251,2017-07-21,5011072.344402313,228.04287719726562,2017
1252,2017-07-28,5011072.344402313,228.0706329345703,2017
1253,2017-08-04,5011072.344402313,228.53244018554688,2017
1254,2017-08-11,5011072.344402313,225.49346923828125,2017
1255,2017-08-18,5011072.344402313,224.19107055664062,2017
1256,2017-08-25,5011072.344402313,225.89991760253906,2017
1257,2017-09-01,5078278.361797333,228.92965698242188,2017
1258,2017-09-08,5052460.512126923,227.7657470703125,2017
1259,2017-09-15,5131277.420146942,231.31895446777344,2017
1260,2017-09-22,5136425.217357636,231.551025390625,2017
1261,2017-09-29,5173282.957988739,233.212646484375,2017
1262,2017-10-06,5173282.957988739,236.12745666503906,2017
1263,2017-10-13,5173282.957988739,236.66583251953125,2017
1264,2017-10-20,5173282.957988739,238.67092895507812,2017
1265,2017-10-27,5173282.957988739,239.22793579101562,2017
1266,2017-11-03,5173282.957988739,239.9148406982422,2017
1267,2017-11-10,5173282.957988739,239.58065795898438,2017
1268,2017-11-17,5173282.957988739,239.36715698242188,2017
1269,2017-11-24,5173282.957988739,241.68785095214844,2017
1270,2017-12-01,5499140.045879364,245.49383544921875,2017
1271,2017-12-08,5582584.814922333,246.4685821533203,2017
1272,2017-12-15,5770324.440898895,248.66140747070312,2017
1273,2017-12-22,5770324.440898895,249.59442138671875,2017
1274,2017-12-29,5770324.440898895,248.98793029785156,2017
1275,2018-01-05,5770324.440898895,255.10858154296875,2018
1276,2018-01-12,5770324.440898895,259.3071594238281,2018
1277,2018-01-19,5770324.440898895,261.6304626464844,2018
1278,2018-01-26,5770324.440898895,267.3872985839844,2018
1279,2018-02-02,5770324.440898895,257.00262451171875,2018
1280,2018-02-09,5770324.440898895,243.9868927001953,2018
1281,2018-02-16,5770324.440898895,254.8193817138672,2018
1282,2018-02-23,5770324.440898895,256.31219482421875,2018
1283,2018-03-02,5770324.440898895,251.0592498779297,2018
1284,2018-03-09,5980259.290554047,260.1935729980469,2018
1285,2018-03-16,5903666.591396332,256.8610534667969,2018
1286,2018-03-23,5903666.591396332,241.7322235107422,2018
1287,2018-03-30,5903666.591396332,246.5097198486328,2018
1288,2018-04-06,5903666.591396332,243.29664611816406,2018
1289,2018-04-13,5903666.591396332,248.38328552246094,2018
1290,2018-04-20,5936174.597377777,249.75100708007812,2018
1291,2018-04-27,5935061.560390472,249.70408630371094,2018
1292,2018-05-04,5923037.932094574,249.19825744628906,2018
1293,2018-05-11,6075106.565151215,255.5963897705078,2018
1294,2018-05-18,6041264.655605316,254.17251586914062,2018
1295,2018-05-25,6041264.655605316,254.94061279296875,2018
1296,2018-06-01,6041264.655605316,256.2989807128906,2018
1297,2018-06-08,6041264.655605316,260.59869384765625,2018
1298,2018-06-15,6041264.655605316,260.771484375,2018
1299,2018-06-22,6041264.655605316,258.52252197265625,2018
1300,2018-06-29,6041264.655605316,255.26675415039062,2018
1301,2018-07-06,6041264.655605316,259.16241455078125,2018
1302,2018-07-13,6407119.544521332,263.08624267578125,2018
1303,2018-07-20,6415018.538661957,263.1708984375,2018
1304,2018-07-27,6567683.104091644,264.8082275390625,2018
1305,2018-08-03,6758949.166103363,266.8595275878906,2018
1306,2018-08-10,6758949.166103363,266.44549560546875,2018
1307,2018-08-17,6758949.166103363,268.23333740234375,2018
1308,2018-08-24,6758949.166103363,270.53875732421875,2018
1309,2018-08-31,6758949.166103363,273.1734313964844,2018
1310,2018-09-07,6758949.166103363,270.62347412109375,2018
1311,2018-09-14,6758949.166103363,273.7098083496094,2018
1312,2018-09-21,6984963.061733246,275.9980773925781,2018
1313,2018-09-28,6984963.061733246,274.797607421875,2018
1314,2018-10-05,6984963.061733246,272.0564270019531,2018
1315,2018-10-12,6984963.061733246,260.8365478515625,2018
1316,2018-10-19,6984963.061733246,261.1201171875,2018
1317,2018-10-26,6984963.061733246,250.79818725585938,2018
1318,2018-11-02,6984963.061733246,256.9989318847656,2018
1319,2018-11-09,7135760.818447113,262.5474548339844,2018
1320,2018-11-16,7032231.781154633,258.7381286621094,2018
1321,2018-11-23,7032231.781154633,248.83209228515625,2018
1322,2018-11-30,7032231.781154633,260.552978515625,2018
1323,2018-12-07,7032231.781154633,249.1345977783203,2018
1324,2018-12-14,7032231.781154633,246.2043914794922,2018
1325,2018-12-21,7032231.781154633,228.8457489013672,2018
1326,2018-12-28,7238202.262645721,235.548583984375,2018
1327,2019-01-04,7373763.216136932,239.9600067138672,2019
1328,2019-01-11,7566295.38677597,246.2255096435547,2019
1329,2019-01-18,7784827.35981369,253.33712768554688,2019
1330,2019-01-25,7764961.072566986,252.6905975341797,2019
1331,2019-02-01,7890002.069942474,256.75982666015625,2019
1332,2019-02-08,7901980.265651703,257.1495666503906,2019
1333,2019-02-15,8103569.932826996,263.7098083496094,2019
1334,2019-02-22,8155281.640804291,265.3926696777344,2019
1335,2019-03-01,8192678.218624115,266.6095886230469,2019
1336,2019-03-08,8192678.218624115,260.9430236816406,2019
1337,2019-03-15,8192678.218624115,268.6338195800781,2019
1338,2019-03-22,8192678.218624115,266.6666259765625,2019
1339,2019-03-29,8192678.218624115,269.7510681152344,2019
1340,2019-04-05,8899178.41576767,275.56671142578125,2019
1341,2019-04-12,9083636.269039154,277.08502197265625,2019
1342,2019-04-19,9083636.269039154,276.9513244628906,2019
1343,2019-04-26,9083636.269039154,280.1885681152344,2019
1344,2019-05-03,9083636.269039154,280.78070068359375,2019
1345,2019-05-10,9083636.269039154,275.1178894042969,2019
1346,2019-05-17,9083636.269039154,272.9596862792969,2019
1347,2019-05-24,9083636.269039154,270.0375671386719,2019
1348,2019-05-31,8842397.97674179,262.8659973144531,2019
1349,2019-06-07,9240072.268184662,274.68817138671875,2019
1350,2019-06-14,9291789.871944427,276.2255859375,2019
1351,2019-06-21,9489979.777706146,282.1174621582031,2019
1352,2019-06-28,9489979.777706146,281.1579284667969,2019
1353,2019-07-05,9489979.777706146,286.397216796875,2019
1354,2019-07-12,9489979.777706146,288.49871826171875,2019
1355,2019-07-19,9489979.777706146,285.1593933105469,2019
1356,2019-07-26,9489979.777706146,289.80377197265625,2019
1357,2019-08-02,9489979.777706146,280.79327392578125,2019
1358,2019-08-09,9489979.777706146,279.8336181640625,2019
1359,2019-08-16,9489979.777706146,277.1756286621094,2019
1360,2019-08-23,9358561.36071396,273.3372802734375,2019
1361,2019-08-30,9608254.89019394,280.6301574707031,2019
1362,2019-09-06,9792238.166316986,286.0037841796875,2019
1363,2019-09-13,9892115.36913681,288.9208984375,2019
1364,2019-09-20,9845051.702327728,287.5462951660156,2019
1365,2019-09-27,9845051.702327728,284.7699279785156,2019
1366,2019-10-04,9845051.702327728,283.7577209472656,2019
1367,2019-10-11,9845051.702327728,285.6181945800781,2019
1368,2019-10-18,9901208.990962982,287.2474365234375,2019
1369,2019-10-25,10021828.400844574,290.746826171875,2019
1370,2019-11-01,10172687.079006197,295.12347412109375,2019
1371,2019-11-08,10265725.398189545,297.8227233886719,2019
1372,2019-11-15,10265725.398189545,300.57012939453125,2019
1373,2019-11-22,10265725.398189545,299.7699890136719,2019
1374,2019-11-29,10265725.398189545,302.9994201660156,2019
1375,2019-12-06,10265725.398189545,303.539306640625,2019
1376,2019-12-13,10265725.398189545,305.9011535644531,2019
1377,2019-12-20,10265725.398189545,310.70855712890625,2019
1378,2019-12-27,10265725.398189545,312.7719421386719,2019
1379,2020-01-03,10265725.398189545,312.3360290527344,2020
1380,2020-01-10,10265725.398189545,315.532958984375,2020
1381,2020-01-17,10265725.398189545,321.5779724121094,2020
1382,2020-01-24,10265725.398189545,318.497314453125,2020
1383,2020-01-31,10265725.398189545,311.67730712890625,2020
1384,2020-02-07,10265725.398189545,321.8201599121094,2020
1385,2020-02-14,10933188.711910248,327.05145263671875,2020
1386,2020-02-21,10933188.711910248,323.0601501464844,2020
1387,2020-02-28,10933188.711910248,287.003173828125,2020
1388,2020-03-06,10933188.711910248,288.1656188964844,2020
1389,2020-03-13,10933188.711910248,260.9049072265625,2020
1390,2020-03-20,10933188.711910248,222.954345703125,2020
1391,2020-03-27,10933188.711910248,246.94532775878906,2020
1392,2020-04-03,10707557.598705292,241.84893798828125,2020
1393,2020-04-10,12002243.579006197,271.09222412109375,2020
1394,2020-04-17,12366360.90102768,279.31658935546875,2020
1395,2020-04-24,12208031.692501068,275.7403869628906,2020
1396,2020-05-01,12200265.542476654,275.56494140625,2020
1397,2020-05-08,12616584.147090912,284.9683837890625,2020
1398,2020-05-15,12350831.303188324,278.96575927734375,2020
1399,2020-05-22,12746010.523097992,287.8917236328125,2020
1400,2020-05-29,13129109.51556015,296.5448303222656,2020
1401,2020-06-05,13777099.34710312,311.18109130859375,2020
1402,2020-06-12,13124363.08462143,296.4376525878906,2020
1403,2020-06-19,13124363.08462143,302.0780334472656,2020
1404,2020-06-26,13124363.08462143,293.6706237792969,2020
1405,2020-07-03,13124363.08462143,305.5916748046875,2020
1406,2020-07-10,14025568.552639008,310.8376770019531,2020
1407,2020-07-17,14025568.552639008,314.8798522949219,2020
1408,2020-07-24,14025568.552639008,314.0577697753906,2020
1409,2020-07-31,14025568.552639008,319.5777893066406,2020
1410,2020-08-07,14025568.552639008,327.45672607421875,2020
1411,2020-08-14,14025568.552639008,329.67840576171875,2020
1412,2020-08-21,14025568.552639008,332.26226806640625,2020
1413,2020-08-28,14025568.552639008,343.12628173828125,2020
1414,2020-09-04,14025568.552639008,335.2865905761719,2020
1415,2020-09-11,14025568.552639008,326.95751953125,2020
1416,2020-09-18,14025568.552639008,324.91546630859375,2020
1417,2020-09-25,14025568.552639008,323.0287780761719,2020
1418,2020-10-02,14025568.552639008,328.0501708984375,2020
1419,2020-10-09,14572149.894741058,340.83453369140625,2020
1420,2020-10-16,14590636.876735687,341.2669372558594,2020
1421,2020-10-23,14590636.876735687,339.7830505371094,2020
1422,2020-10-30,14590636.876735687,320.87677001953125,2020
1423,2020-11-06,14590636.876735687,344.08709716796875,2020
1424,2020-11-13,14590636.876735687,351.889404296875,2020
1425,2020-11-20,14590636.876735687,349.16741943359375,2020
1426,2020-11-27,14590636.876735687,357.3628234863281,2020
1427,2020-12-04,14590636.876735687,363.43560791015625,2020
1428,2020-12-11,14590636.876735687,359.94720458984375,2020
1429,2020-12-18,14590636.876735687,364.3236389160156,2020
1430,2020-12-25,14590636.876735687,364.1460266113281,2020
1431,2021-01-01,14590636.876735687,368.9617919921875,2021
1432,2021-01-08,15742655.328884125,376.2447509765625,2021
1433,2021-01-15,15742655.328884125,370.75787353515625,2021
1434,2021-01-22,15742655.328884125,377.84344482421875,2021
1435,2021-01-29,13635876.922634125,365.20196533203125,2021
1436,2021-02-05,16537012.649196625,382.60986328125,2021
1437,2021-02-12,17347828.063259125,387.47503662109375,2021
1438,2021-02-19,16918569.852321625,384.8993835449219,2021
1439,2021-02-26,16918569.852321625,375.3565673828125,2021
1440,2021-03-05,16918569.852321625,378.58355712890625,2021
1441,2021-03-12,17378546.87759018,388.8763427734375,2021
1442,2021-03-19,17378546.87759018,385.615478515625,2021
1443,2021-03-26,17668576.29327011,392.05096435546875,2021
1444,2021-04-02,17875165.467769623,396.6349792480469,2021
1445,2021-04-09,17875165.467769623,407.40704345703125,2021
1446,2021-04-16,17875165.467769623,413.1198425292969,2021
1447,2021-04-23,17875165.467769623,412.60498046875,2021
1448,2021-04-30,17875165.467769623,413.1593933105469,2021
1449,2021-05-07,17875165.467769623,417.93157958984375,2021
1450,2021-05-14,17875165.467769623,412.446533203125,2021
1451,2021-05-21,17875165.467769623,410.8228454589844,2021
1452,2021-05-28,17875165.467769623,415.87225341796875,2021
1453,2021-06-04,17875165.467769623,418.4068603515625,2021
1454,2021-06-11,17875165.467769623,420.099853515625,2021
1455,2021-06-18,17875165.467769623,412.14703369140625,2021
1456,2021-06-25,17875165.467769623,423.7588806152344,2021
1457,2021-07-02,18173074.555477142,430.82135009765625,2021
1458,2021-07-09,18248495.73461533,432.6093444824219,2021
1459,2021-07-16,18248495.73461533,428.4572448730469,2021
1460,2021-07-23,18248495.73461533,436.99981689453125,2021
1461,2021-07-30,18248495.73461533,435.5793762207031,2021
1462,2021-08-06,18248495.73461533,439.5327453613281,2021
1463,2021-08-13,18248495.73461533,442.9398498535156,2021
1464,2021-08-20,18248495.73461533,440.39691162109375,2021
1465,2021-08-27,18532083.475826263,447.24090576171875,2021
1466,2021-09-03,18532083.475826263,450.0519714355469,2021
1467,2021-09-10,18532083.475826263,442.4630432128906,2021
1468,2021-09-17,18532083.475826263,439.85467529296875,2021
1469,2021-09-24,18637464.90649033,442.35589599609375,2021
1470,2021-10-01,18231475.10168076,432.7197570800781,2021
1471,2021-10-08,18383457.85705185,436.3270568847656,2021
1472,2021-10-15,18719753.96899033,444.30902099609375,2021
1473,2021-10-22,19024142.496944427,451.5336608886719,2021
1474,2021-10-29,19281506.682979584,457.6421813964844,2021
1475,2021-11-05,19671123.535884857,466.88970947265625,2021
1476,2021-11-12,19618221.95483017,465.63409423828125,2021
1477,2021-11-19,19686239.008052822,467.24847412109375,2021
1478,2021-11-26,19686239.008052822,457.3631896972656,2021
1479,2021-12-03,19686239.008052822,451.8326110839844,2021
1480,2021-12-10,19686239.008052822,469.0919494628906,2021
1481,2021-12-17,19686239.008052822,459.8699951171875,2021
1482,2021-12-24,20145569.31835556,470.6000061035156,2021
1483,2021-12-31,20145569.31835556,474.9599914550781,2021
